NVDA,time,Unnamed: 2
3 Metaverse Stocks That Could Set You Up for Life,11/19/21,
11 Best Stocks To Buy For The Rest of 2021,11/19/21,
5 Must-Buy Technology Stocks Flying-High With More Upside,11/19/21,
Why This Company Continues to Be My No. 1 Position,11/19/21,
Missed Nvidia-Led Chip Rally? Analysts Still See 41% Upside,11/19/21,
"Dow Jones Futures, Crude Oil, Yields Fall: Beware The Megacap Rally; AMAT Stock Leads 5 Key Earnings",11/19/21,
Data Center Growth Is Still the Top Reason to Buy Nvidia Stock Now,11/19/21,
Nvidia Stock Is a Risky Bet Following Q3 Earnings,11/19/21,
5 Growth ETFs to Tap on an Incredible S&P 500 Rally,11/19/21,
"US STOCKS-Lockdown fears weigh on Dow, S&P 500; Nasdaq hits record high",11/19/21,
The Biden administration is ‘waiting too long’ on the Fed chair nomination: Analyst,11/19/21,
Metaverse: How CEOs are thinking about the future of virtual and augmented reality,11/19/21,
Why Nvidia Shares Are Rising,11/19/21,
"Stock Market Rally Near Highs As Megacaps Lead; Nvidia, Macy's, Target Are Earnings Movers: Weekly Review",11/19/21,
Nvidia’s latest earnings report is the ‘nail in the coffin’ for $40 billion ARM deal: Analyst,11/19/21,
Why These 10 Stocks Are Trending on Friday,11/19/21,
"Investment strategist talks markets, inflation, Fed moves, Nvidia, Rivian, Intel, and more",11/19/21,
"Inflation: There’s a ‘teeter-totter’ between higher rates and a steady economy, strategist says",11/19/21,
Why Nvidia Stock Climbed Today,11/19/21,
3 Stocks for This Next Market Opportunity (and It's Not the Metaverse),11/20/21,
What Nvidia's CEO Just Said Could Mean Billions in More Growth,11/21/21,
Why These 10 Stocks Trended This Week,11/21/21,
Nvidia Stock Is Set To Soar Higher as It Rides Blowout Quarterly Results,11/22/21,
Is iShares Semiconductor ETF (SOXX) a Strong ETF Right Now?,11/22/21,
5 Must-Buy Stocks to Tap Nasdaq Composite's Impressive Rally,11/22/21,
"The Zacks Analyst Blog Highlights: NVIDIA, QUALCOMM, Lattice Semiconductor, ON Semiconductor and Advanced Micro Devices",11/22/21,
3 Breakout Growth Stocks to Buy Right Now,11/22/21,
"Dow Jones Futures Rise: Biden Set To Pick Fed Chief As Market Rally Diverges; Tesla Rises, Rivian Falls",11/22/21,
"4 Stocks That Can Turn $100,000 Into $500,000 by the Time You Retire",11/22/21,
Nvidia Stock: Bull vs. Bear,11/22/21,
AMD Stock Just Gave Us the Best Trade of the Year. Now What?,11/22/21,
Mario Gabelli is Doubling Down on These 10 Stocks,11/22/21,
Shiba Inu’s Recent Tumble Proves It’s a Dangerous Game,11/22/21,
"For Investors, Nvidia Is a Gift That Keeps on Giving",11/22/21,
Top Tech Stocks for December 2021,11/22/21,
"Top Stock Picks for Week of November 22, 2021",11/22/21,
The Sectors to Focus on As the Holiday Season Kicks Off,11/22/21,
Bull of the Day: NVIDIA (NVDA),11/23/21,
"The Zacks Analyst Blog Highlights: Alphabet, Tesla, Costco, Applied Materials and NVIDIA",11/23/21,
"NVIDIA, StoneCo, Costco, Dillard's and Tesla highlighted as Zacks Bull and Bear of the Day",11/23/21,
Why Nvidia Stock Dipped on Tuesday,11/23/21,
7 Best Video Game Stocks to Buy for the Year End,11/23/21,
My 5 Tips to Set Your Portfolio Up for the Long Haul,11/23/21,
Is Nvidia Stock a Buy With the Metaverse on the Horizon?,11/24/21,
Could Nvidia Really Bring in $40 Billion a Year in Sales From This One Software Product?,11/24/21,
Here's Why Nvidia Stock Remains a Screaming Buy at Record Highs,11/24/21,
"Dow Jones Futures Fall As Market Direction Turns Murky; Tesla Falls, 3 Stocks In Buy Zones",11/24/21,
Could This Be the Best Way To Invest In the Metaverse?,11/24/21,
"After Pullback From Q3 Earnings Surge, Nvidia Looks Tempting",11/24/21,
Why Nvidia Stock Bounced Back Today,11/24/21,
"US STOCKS-Wall Street ends higher; Nvidia surge offsets Nordstrom, Gap slide",11/24/21,
"E-mini NASDAQ-100 Index (NQ) Futures Technical Analysis – Weakens Under 16332.00, Strengthens Over 16434.75",11/26/21,
"Nvidia Stock Is a Great Buy for Consistent, Long-Term Gains",11/26/21,
Is It Too Late to Buy Nvidia Stock?,11/26/21,
"Dow Jones Futures, Oil Prices, Treasury Yields Sell Off Hard On 'Nu' Covid Fears",11/26/21,
3 Unstoppable Investments Everyone Needs in Their Portfolio,11/26/21,
"Airlines and cruises take a hit, Zoom and vaccine stocks up",11/26/21,
"Stock Picks: Nvidia, Microsoft Reveal 7 Telltale Traits Of Winning Stocks",11/26/21,
3 Innovative Stocks Shaping the Future of the Metaverse,11/26/21,
These 2 Semiconductor Companies Seem Unstoppable,11/27/21,
"Up 150% This Year, Is Nvidia Stock a Smart Buy Now?",11/27/21,
Better Semiconductor Stock: Nvidia or AMD,11/28/21,
Nvidia at risk of $1.25bn loss if Arm takeover falls through,11/28/21,
10 Infrastructure Stocks to Buy Under $10,11/28/21,
3 Chip Stocks To Watch As The Semiconductor Shortage Worsens,11/28/21,
Jim Cramer Talks With Nvidia CEO Jensen Huang,11/29/21,
Why Nvidia Stock Investors Cheered Today,11/29/21,
Nvidia Steamrolls AMD as It Aggressively Pursues This Massive Market,11/30/21,
NFTs go mainstream at Art Basel: A ‘better way’ to transfer digital ownership,11/30/21,
10 Best Performing Semiconductor Stocks of 2021,11/30/21,
Why Nvidia Stock Tanked Today,11/30/21,
7 Chip Stocks to Buy as the Supply Crunch Carries On,11/30/21,
"Amazon's cloud unit launches new chips to take on Intel, Nvidia",11/30/21,
9 Stocks to Buy Before Inflation Fears Take Hold,11/30/21,
Everything You Need to Know About Nvidia's Business Mix in 1 Simple Chart,12/1/21,
Are Options Traders Betting on a Big Move in NVIDIA (NVDA) Stock?,12/1/21,
"2021 was the year of the metaverse, but it will be years before it's a reality",12/1/21,
Growth Stock Meltdown: ROKU and PYPL vs. NVDA and TTD,12/1/21,
3 Top Stocks to Invest in the Metaverse,12/2/21 8:30,
"NFT craze breathes life into first ETF, investors seek to 'connect and create'",12/2/21 9:00,
Why Nvidia Stock Popped Today,12/2/21 11:00,
3 Tips I Follow During a Downturn in the Market,12/2/21 12:00,
7 Top Companies Reveal Their Plans for Metaverse Mania,12/2/21 13:00,
Buy and Hold Meta Platforms as Metaverse Growth Strategy Unfolds,12/2/21 13:00,
FTC Sues to Block Nvidia Deal Over Antitrust Issues,12/2/21 14:00,
U.S. FTC sues to block Nvidia deal to buy Arm,12/2/21 15:00,
"FTC sues Nvidia to block $40B Arm deal, calling it the largest ever semiconductor chip merger",12/2/21 15:00,
UPDATE 4-U.S. FTC sues to block Nvidia deal to buy Arm,12/2/21 15:00,
"U.S. sues to block Nvidia merger with Arm, the largest semiconductor deal in history",12/2/21 15:00,
10 Best Fast Growth Stocks to Buy Now,12/3/21 8:30,
US tries to block Nvidia’s $40bn Arm takeover,12/3/21 8:30,
FTC Sues to Block Nvidia’s $40B Acquisition of Arm,12/3/21 8:30,
3 Stocks That Can Make You Richer in December,12/3/21 8:30,
Nvidia’s deal for ARM is dead — how long until CEO Jensen Huang admits it?,12/3/21 8:30,
SoftBank Poised to Lose $74 Billion Payday If Arm Deal Is Halted,12/3/21 8:30,
3 Unstoppable Stocks That Could Crush the Market Again in 2022 -- and Beyond,12/3/21 8:30,
Didi’s Dramatic Delisting Rings Alarm Bells for Alibaba and Others,12/3/21 8:30,
NVIDIA-Arm Holdings Deal Hits a Wall: FTC Sues to Block Deal,12/3/21 8:30,
Here's Another Reason Why Nvidia Could Keep Growing at a Terrific Pace,12/3/21 8:30,
Dow Jones Futures Rise With Jobs Report Due After Market Rallies; DocuSign Dives; Tesla Rival Reports Booming EV Sales,12/3/21 8:30,
4 Solid Microchip Stocks to Buy on Soaring Global Demand,12/3/21 8:30,
Nvidia’s Purchase of Arm Looks Dead. What Comes Next?,12/3/21 9:00,
NVDA Stock: 16 Things for Nvidia Investors to Know as FTC Fights Arm Mega Merger,12/3/21 9:00,
10 Best Low-Cost Tech Stocks to Buy Right Now,12/3/21 9:00,
Nvidia metaverse future bright even as Arm may slip from grasp,12/3/21 9:00,
"FTC sues to block Nvidia’s ARM deal, Musk sells more Tesla stock, Munger critiques stock market",12/3/21 10:00,
"Marvell will be ‘in the same camp’ as AMD, Nvidia after ‘one of the best’ semiconductor earnings calls",12/3/21 12:00,
FTC sues Nvidia to block $40 billion ARM acquisition,12/3/21 12:00,
US STOCKS-Nasdaq dives over 2% as tech stocks slide at end of volatile week,12/3/21 13:00,
Why Nvidia Stock Short-Circuited Today,12/3/21 13:00,
Nvidia’s $40 billion Arm deal is all but dead — but it’s not a huge loss,12/3/21 14:00,
Why Nvidia Stock Climbed 28% in November,12/3/21 14:00,
Jim Cramer is Bearish on These 10 Stocks,12/3/21 15:00,
"Best Mutual Funds Bet Billions On Tech Stocks Like Apple, Nvidia As Market Faces Test",12/6/21 8:30,
Nvidia Stock Tumbles After U.S. Antitrust Officials Sue To Halt Its Takeover Of Arm,12/6/21 8:30,
Nvidia stock flirts with correction territory after FTC sues to halt Arm deal,12/6/21 8:30,
"From Tesla to Nvidia, Wall Street’s Favorites Keep Tumbling",12/6/21 8:30,
Nvidia’s Shares Tank After Analyst Said $40 billion Arm Acquisition Might Not Happen,12/6/21 8:30,
"If I Could Buy Only 1 Metaverse Stock, This Would Be It",12/6/21 8:30,
SoftBank Slumps 9% Monday After Week of Bad Portfolio News,12/6/21 8:30,
"Lucid, Nvidia, Coinbase Fall in Premarket; Kohl's, Apple Rise",12/6/21 8:30,
"Premarket Movers Monday - Lucid, Nvidia, Coinbase",12/6/21 8:30,
3 Stocks to Buy With a $30 Trillion Metaverse Market on the Way,12/6/21 8:30,
"US STOCKS-Nasdaq set for lower open as Nvidia, Big Tech weigh",12/6/21 8:30,
Wall Street regains some ground with help from easing virus fears,12/6/21 8:30,
Is NVIDIA (NVDA) A Great Investment Choice?,12/6/21 8:30,
Dow Jones Futures Rise As Tesla Leads Techs Lower In Grizzly Market; Lucid Dives On SEC Probe,12/6/21 8:30,
"Applied Materials, Lam, Nvidia, Marvell Top Chip Stocks at Citi",12/6/21 10:00,
Nvidia-ARM deal probe paused by EU antitrust regulators,12/6/21 10:00,
US STOCKS-Dow bounces back on cyclical boost; Nvidia leads tech stocks lower,12/6/21 10:00,
"Top Stock Reports for Microsoft, NVIDIA & Medtronic",12/6/21 12:00,
"Nvidia stock 'has been almost bulletproof' before Monday dip, strategist explains",12/6/21 12:00,
US STOCKS-Dow climbs over 1% on cyclical boost; Nvidia weighs on Nasdaq,12/6/21 12:00,
Hedge Funds Are Cashing Out Of NVIDIA Corporation (NVDA),12/6/21 12:00,
Strategist not worried about market shock to Big Tech from 'well-known' Fed moves,12/6/21 12:00,
Applied Materials Is Citi’s Top Chip Stock for 2022. Who Else Made the List.,12/6/21 12:00,
"Market check: All 11 sectors in the green, travel stocks pop, Tesla off session lows",12/6/21 13:00,
"Dow Jones Vaults 700 Points, Led By Surging Walgreens Stock; Tesla, Nvidia Hit Early But Move Off Lows",12/6/21 13:00,
REFILE-US STOCKS-Dow leads Wall Street higher with 2% gain; cyclicals in vanguard,12/6/21 14:00,
"Test Time For Tech As Nvidia, Microsoft, Face Pressure; Tesla Stock Tests Key Level",12/6/21 15:00,
Tech Stocks are Facing a Reckoning After Months of Rapid Gains,12/6/21 15:00,
"Nvidia stock slips to close in correction territory, joining AMD",12/7/21 8:30,
"U.S. says Nvidia-Arm deal harms market for networking, self-driving car chips",12/7/21 8:30,
Intel Jumps on Plans to List Self-Driving Car Unit Mobileye,12/7/21 8:30,
"The Zacks Analyst Blog Highlights: Microsoft, NVIDIA, Medtronic, The Progressive and Vertex Pharma",12/7/21 8:30,
Should You Invest in the Invesco Dynamic Semiconductors ETF (PSI)?,12/7/21 8:30,
Is NVIDIA (NVDA) a Great Growth Stock?,12/7/21 8:30,
2 Top Metaverse Stocks Ready for a Bull Run,12/7/21 8:30,
10 Monthly Dividend Stocks to Buy in December,12/7/21 9:00,
"Market check: Tech, travel stocks get a boost in early trading",12/7/21 10:00,
How the Metaverse Helped Send Nvidia Stock Surging Higher on Tuesday,12/7/21 12:00,
Why Intel is unloading Mobileye,12/8/21 8:30,
"Semiconductor stocks, led by Nvidia, were on fire Tuesday. Here’s the breakdown",12/8/21 8:30,
Public Companies Were Buzzing Over This Potential Trillion-Dollar Trend in Q3,12/8/21 8:30,
Is Nvidia Stock a Buy Now?,12/8/21 8:30,
"Dow Jones Futures Rise On Omicron Vaccine News: Google, Microsoft In Buy Range; Tesla China Sales Strong",12/8/21 8:30,
"Intel Remains a Hold After Mobileye IPO News, but Some Peers Look Good",12/8/21 8:30,
Nvidia (NVDA) Just Reclaimed the 20-Day Moving Average,12/8/21 9:00,
Why Nvidia Stock Slipped Lower Today,12/8/21 10:00,
2 Unstoppable Growth Stocks You Can Buy and Forget About,12/8/21 10:00,
5 Tech Stocks That Led the Nasdaq ETF Rally,12/8/21 11:00,
Can Microsoft (MSFT) Become a $3 Trillion Company?,12/8/21 12:00,
"Moors & Cabot, Inc. Buys NVIDIA Corp, Nike Inc, Procter & Gamble Co, Sells Splunk Inc, ...",12/8/21 17:00,
Nvidia's Stock Price Seems Unstoppable,12/9/21 8:30,
"The Zacks Analyst Blog Highlights: Pinduoduo, NVIDIA, Marvell Technology, ASML Holding and NXP Semiconductors",12/9/21 8:30,
Big Highlights From Nvidia's Q3 Earnings Report,12/9/21 8:30,
7 Dividend Stocks to Buy According to Gilchrist Berg’s Water Street Capital,12/9/21 8:30,
Wall Street May Have Factored in a Likely Hawkish Fed: 5 Picks,12/9/21 9:15,
10 Best Stocks to Buy Now According to Quant Billionaire Jim Simons’ Fund,12/9/21 10:45,
Soaring Demand Driving Microchip Sales: 4 Solid Stocks to Buy,12/9/21 11:30,
7 Web3 Stocks to Buy if You’re Betting on a Blockchain-Based Internet,12/9/21 13:15,
"Why Growth Stocks Nvidia, AMD, and Unity Dropped Today",12/10/21 11:24,
"NVIT AQR Large Cap Defensive Style Fund Buys Regeneron Pharmaceuticals Inc, Becton, Dickinson ...",12/10/21 11:24,
"The Zacks Analyst Blog Highlights: NVIDIA, Xilinx, QUALCOMM, Lam Research and ON Semiconductor",12/10/21 11:24,
"The Zacks Analyst Blog Highlights: NVIDIA, Microchip Tech, ON Semiconductor and STMicroelectronics",12/10/21 11:24,
Will Nvidia Be a Trillion-Dollar Stock by Next Year?,12/10/21 11:24,
2 Metaverse Stocks That Could Set You Up for Life,12/10/21 11:24,
Why Ambarella Stock Jumped This Week,12/10/21 11:24,
Nvidia Stock Gains as Broadcom Earnings Lift Chipmakers,12/10/21 11:24,
"Why Nvidia Stock Popped This Morning, Then Dropped",12/10/21 11:30,
Nvidia Stock Slips. Chipmakers Trade Mixed After Broadcom’s Strong Earnings.,12/10/21 12:15,
Where to Buy the Dips in Nvidia and AMD,12/10/21 13:45,
Is Now a Good Time to Buy Nvidia?,12/10/21 14:30,
Applied Materials: First Stop In Solving the Chip Shortage,12/13/21 08:30,
Grading 7 Big 5G Stocks as 2022 Looms,12/13/21 08:30,
Intel Stock Will Shine Again in 2022,12/13/21 08:30,
5 Tech Stocks That Should Be on Every Investor’s 2022 Buy List,12/13/21 08:30,
Nvidia Stock Still Has Plenty More Left in the Tank After Massive Climb,12/13/21 08:30,
What Does The Metaverse Mean For Non-Gamers?,12/13/21 08:30,
3 Top Metaverse Stocks to Buy in December,12/13/21 08:30,
Should You Invest in Nvidia Stock Right Now?,12/13/21 08:30,
Could Tesla Be the World's Most Valuable Company in 10 to 15 Years?,12/13/21 08:30,
5 giant stocks are driving the S&P 500 to records: Goldman Sachs,12/13/21 09:00,
These are Wall Street’s 25 favorite semiconductor stocks for 2022,12/13/21 09:45,
Intel wants to take you inside the metaverse,12/13/21 12:00,
Why Nvidia Stock Keeps Dropping,12/13/21 12:45,
10 Best Stocks to Buy for the Next 10 Years,12/13/21 14:15,
"Dow Jones Falls 250 Points, But JPMorgan Upgrade Lifts Coca-Cola Stock; Tesla Dives Below Key Support Level",12/13/21 14:30,
"Deutsche Dws Variable Series I Buys Hilton Worldwide Holdings Inc, Apollo Global Management ...",12/14/21 08:30,
"Invesco V.I. Global Fund Buys Analog Devices Inc, Dassault Systemes SE, Splunk Inc, Sells , ...",12/14/21 08:30,
"Ohio National Fund Inc Buys Procter & Gamble Co, Booking Holdings Inc, NVIDIA Corp, Sells ...",12/14/21 08:30,
"Deutsche Dws Investment Trust Buys Hilton Worldwide Holdings Inc, Apollo Global Management Inc, ...",12/14/21 08:30,
2 Top Metaverse Stocks to Buy and Hold for the Next Decade,12/14/21 08:30,
Dow Jones Futures Rise After Stock Market Sells Off Ahead Of Fed Meeting; Elon Musk Sells More Tesla Stock,12/14/21 08:30,
These 3 Stocks Might Be Getting a Little Too Expensive,12/14/21 09:00,
3 Reasons to Buy Qualcomm Stock Near Its All-Time High,12/14/21 09:15,
Is Nvidia Stock A Buy? Chip Giant Skids To Key Support After Frenzied Metaverse Rally,12/14/21 11:15,
"Newfound Risk Managed US Sectors Fund Buys Vanguard S&P 500 ETF, Vanguard U.S. ...",12/14/21 12:00,
"Northern Lights Fund Trust Iii Buys BTC iShares MSCI USA Min Vol Factor ETF, Vanguard ...",12/14/21 12:00,
Why Nvidia Stock Just Can't Stop Dropping,12/14/21 12:00,
"Top Stock Reports for NVIDIA, Philip Morris & Sanofi",12/14/21 13:45,
"Catalyst Pivotal Growth Fund Buys DocuSign Inc, NVIDIA Corp, Bill. ...",12/15/21 08:30,
"The Zacks Analyst Blog Highlights: NVIDIA, Philip Morris, Sanofi, Applied Materials and Goldman Sachs",12/15/21 08:30,
Should Franklin LibertyQ U.S. Equity ETF (FLQL) Be on Your Investing Radar?,12/15/21 08:30,
Wall Street Wants You to Buy These 3 Chip Stocks for 2022,12/15/21 08:30,
"Dow Jones Futures: Stock Market At Turning Point As Fed Decision Looms; Google, Tesla, Nvidia At Key Levels",12/15/21 08:30,
"Dow Jones Futures Fall Ahead Of Fed Decision; Tesla, EV Leaders Post Early Losses",12/15/21 08:30,
10 Best Semiconductor Stocks to Buy for 2022,12/15/21 08:30,
"Dow Jones Falls Ahead Of Fed Decision; Tesla, EV Leaders Post Early Losses",12/15/21 09:00,
3 Things About Nvidia That Smart Investors Know,12/15/21 09:15,
"After a dazzling 2021, Apple and Tesla stocks are expected to be duds in 2022",12/15/21 10:15,
Is Roblox Stock A Buy Right Now As It Reports Key November Metrics?,12/15/21 10:15,
"VanEck Video Gaming and eSports ETF Buys Ubisoft Entertainment, Sells NVIDIA Corp, Advanced ...",12/15/21 10:30,
Why Nvidia Stock Finally Popped Today,12/15/21 12:30,
How to Find 2022's Best Stocks,12/15/21 14:15,
Markets Get a Fed Bounce -- and These Mega-Stocks Were Big Winners,12/16/21 08:30,
Fed Sets Stage for a Year-End Rally: 5 Top Picks,12/16/21 08:30,
Is Franklin LibertyQ U.S. Equity ETF (FLQL) a Strong ETF Right Now?,12/16/21 08:30,
"Zacks Market Edge Highlights: Macy's, Ulta Beauty, DocuSign, NVIDIA and Intel",12/16/21 08:30,
Is Nvidia Still a Good Buy Going Into 2022?,12/16/21 08:30,
"Dow Jones Futures Rise After Market Roars On Fed Move; AMD, Nvidia, Lilly Flash Buy Signals",12/16/21 08:30,
"Dow Jones Futures Rise, With AMD, Nvidia Up; Adobe Dives On Guidance, Tesla Rival Rivian Earnings Loom",12/16/21 08:30,
10 Micro-Cap Stocks to Buy According to Hedge Funds,12/16/21 08:45,
"Dow Jones Rises But Nasdaq Dips; Adobe Dives On Guidance, Tesla Rival Rivian Earnings Loom",12/16/21 09:15,
Why Nvidia Stock Dropped Again Today,12/16/21 13:30,
"AMD, Nvidia Stock Reverse Course After Hearty Climb",12/16/21 14:00,
"Replay: Scaling Quantum Computing: Join CEO, COO of Rigetti, CFO of Supernova Partners II in Fireside Chat",12/16/21 15:15,
US STOCKS-Nasdaq ends sharply lower as investors dump growth stocks,12/16/21 15:30,
RPT-US STOCKS-Nasdaq ends sharply lower as investors dump growth stocks,12/16/21 15:45,
"4 Top Stock Trades for Wednesday: AAPL, NVDA, UPST, NET",12/17/21 08:30,
"Nvidia Stock Was Hot Before, But the Metaverse Should Light Things Up",12/17/21 08:30,
"AMD, Nvidia Shares Reverse Course After Hearty Climb",12/17/21 08:30,
2 Metaverse Stocks That Could Make You Richer in 2022,12/17/21 08:30,
"Dow Jones Futures Fall, Tech Sell-Off Continues In Big Test For Market Rally; Rivian Dives, Tesla Nears Round Trip",12/17/21 08:30,
"Top 10 Metaverse Stocks in META, the World's First Metaverse ETF",12/17/21 09:15,
"Investing In Stocks: Timely Tips From Rudolph, Frosty And Scrooge",12/17/21 10:15,
"The Zacks Analyst Blog Highlights: NVIDIA, Qualcomm, Advanced Micro Devices, Broadcom and Analog Devices",12/17/21 11:15,
Is the Semiconductor Shortage Almost Over?,12/17/21 12:15,
"These 5 Stocks Will Make Or Break Nasdaq 100 – Price Volume Analysis on AAPL, MSFT, AMZN, TSLA, NVDA",12/17/21 13:15,
US STOCKS-Wall Street ends down after mostly negative week,12/17/21 15:45,
7 Top Meme Stocks to Buy Before the Year End,12/20/21 08:30,
Will the Chip Shortage Finally End in 2022? What to Expect.,12/20/21 08:30,
"VY(R) Invesco Oppenheimer Global Portfolio Buys Analog Devices Inc, Splunk Inc, Danaher Corp, ...",12/20/21 08:30,
3 Stocks That Could Be Worth More Than Apple by 2035,12/20/21 08:30,
10 Cheap Semiconductor Stocks to Invest In Today,12/20/21 08:30,
5 Growth Stocks to Buy Now for 2022,12/20/21 08:30,
"5 Unstoppable Trends to Invest $5,000 In for 2022",12/20/21 08:30,
2 Growth Stocks That Outperformed Tesla and Bitcoin in 2021,12/20/21 08:30,
"Artificial Intelligence Stocks To Buy And Watch Span Chips, Software, Internet Plays",12/20/21 08:30,
"Dow Jones Futures Sell Off As Omicron Fears Rise; Moderna Jumps, But Apple, Nvidia, Tesla Set To Fall",12/20/21 08:30,
Jim Cramer’s Most Favorite Tech Stocks to Buy Now,12/20/21 08:30,
"Dow Jones Dives As Omicron Fears Rise; Moderna Jumps, But Apple, Nvidia, Tesla Drop",12/20/21 08:45,
Is Roblox Stock A Buy Right Now After Reporting Key November Metrics?,12/20/21 09:00,
"Dow Jones Dives 600 Points As Omicron Fears Rise; Moderna Jumps, But Apple, Nvidia, Tesla Drop",12/20/21 09:00,
What You Need To Know About NVIDIA Corporation's (NASDAQ:NVDA) Investor Composition,12/20/21 10:00,
2 Semiconductor Stocks to Watch During This Decline,12/20/21 10:45,
Is Nvidia a Buy Despite Its High Valuation?,12/20/21 11:45,
Investing In Stocks: 3 Steps To Say Protected And Profitable In Troubled Market,12/20/21 15:15,
"Premarket Movers Tuesday: Micron, Nike and Nvidia Rise",12/21/21 08:30,
Dow Jones Futures Jump: Is The Stock Market Rally Over? What To Do Now,12/21/21 08:30,
Will Nvidia Stock Fly or Fall in 2022?,12/21/21 08:30,
"Dow Jones Futures Rally As Nike Jumps On Earnings; Apple, Nvidia, Tesla Set To Rebound",12/21/21 08:30,
"Dow Jones Surges As Nike Jumps On Earnings; Apple, Nvidia, Tesla Set To Rebound",12/21/21 08:45,
"Dow Jones Surges As Nike Jumps On Earnings; Apple, Nvidia, Tesla Rebound",12/21/21 09:00,
"Nvidia Stock Still Has Valuation Problems, But Its Future Looks Bright",12/22/21 08:30,
Nvidia Features As Top Pick By UBS,12/22/21 08:30,
Jim Cramer: The metaverse is coming — and these 4 stocks will make it real,12/22/21 08:30,
Why Nvidia Stock Rebounded Today,12/22/21 08:30,
Biggest Companies in the World by Market Cap,12/22/21 08:30,
3 Leading Tech Stocks to Buy in 2022 and Beyond,12/22/21 08:30,
Dow Jones Futures: Stock Market Rallies On Omicron Covid News; Tesla Pops As CEO Musk Says He's 'Sold Enough' Shares,12/22/21 08:30,
"Dow Jones Futures Turn Lower; Apple Price Target Hiked, Tesla Jumps On Elon Musk Comments",12/22/21 08:30,
Billionaire Israel Englander is Buying These 10 Stocks,12/22/21 09:00,
"Dow Jones Falls; Apple Price Target Hiked, Tesla Jumps On Elon Musk Comments",12/22/21 09:00,
Is Nvidia Stock A Buy? Chip Giant Finds Key Support After UBS Calls It Top Pick For 2022,12/22/21 09:45,
5 Tech Stocks That Have Crushed MAMAA in 2021,12/22/21 09:45,
Tesla -- The World's Top High-Growth AI Stock,12/22/21 09:45,
"Nvidia Stock Surged on Analyst’s Cloud Computing Report, Then Sputtered Again",12/22/21 13:15,
"Video Highlights: Scaling Quantum Computing – Join CEO, COO of Rigetti, CFO of Supernova Partners II in Fireside Chat",12/22/21 13:45,
7 of the Best ESG Stocks for 2022 to Buy Now That Will Remain Strong,12/23/21 08:30,
7 Best-Looking Stock Charts Going Into Christmas,12/23/21 08:30,
"MainStay VP Winslow Large Cap Growth Portfolio Buys Tesla Inc, Advanced Micro Devices Inc, ...",12/23/21 08:30,
Ride the Metaverse Boom With These 4 Stocks,12/23/21 08:30,
The Slump in Advanced Micro Devices Stock Is Only Temporary,12/23/21 10:45,
"Why Nvidia Popped, Then Dropped Today",12/23/21 14:15,
"Cramer's Mad Money Recap 12/23: Pfizer, Nvidia, Tesla",12/24/21 08:30,
"Putnam Sustainable Leaders Fund Buys NVIDIA Corp, Intuit Inc, Regeneron Pharmaceuticals Inc, ...",12/24/21 08:30,
"My 3 Top-Performing Stocks of 2021, and Why I'm Still Buying for 2022",12/24/21 08:30,
"Pioneer Fund  Buys Live Nation Entertainment Inc, PayPal Holdings Inc, Electronic Arts Inc, ...",12/27/21 08:30,
"Got $3,000? These 3 Stocks Could Double Your Money by 2030",12/27/21 08:30,
2 Monster Metaverse Stocks to Buy and Hold For The Next Decade,12/27/21 08:30,
Emerging markets have a ‘valuation discount’ not seen since the 2000s: Strategist,12/27/21 11:45,
5 Tech Stocks That Outperformed Bitcoin in 2021,12/27/21 12:00,
Don't fear a 20% stock market plunge: JPMorgan,12/27/21 12:15,
Is Nvidia Stock A Buy? Chip Giant Offers New Buy Point After UBS Calls It Top Pick For 2022,12/27/21 13:45,
"AI, Self-Driving Cars Pave Way For Nvidia's Continued Growth",12/27/21 14:00,
"GraniteShares ETF Trust Buys Visa Inc, Comcast Corp, PepsiCo Inc, Sells Tesla Inc, JPMorgan ...",12/28/21 08:30,
How You Can Make More Money on the Metaverse Than Elon Musk Will,12/28/21 08:30,
My 3 Highest Conviction Growth Stocks to Buy Before 2022,12/28/21 08:30,
"The Zacks Analyst Blog Highlights: Clearfield, SiTime, Synaptics, Perficient and NVIDIA",12/28/21 08:30,
Better Growth Stock: AMD vs. Nvidia,12/28/21 08:30,
"5 Reasons to Buy Texas Instruments, and 1 Reason to Sell",12/28/21 08:30,
Nvidia Is One of the S&P 500’s Biggest Gainers in 2021. It Should Replace Netflix in the FAANGs.,12/28/21 08:45,
"AMC, Tesla, GameStop among Yahoo Finance’s most-searched tickers in 2021",12/28/21 09:15,
Nvidia Is One of the S&P 500’s Biggest Gainers in 2021. Should It Replace Netflix in the FAANGs?,12/28/21 09:45,
"Pre-Market Movers: Tesla Pops, Lucid Group Dips, Nvidia and AMD Rise",12/28/21 10:00,
"Got $3,000? 2 Tech Stocks to Buy and Hold for the Long Term",12/28/21 10:00,
"Tesla 'ranks no. 1’ in future capability with autonomy, chip building: Innovation expert",12/28/21 11:00,
5 Stocks That Have Powered the S&P 500 ETF in 2021,12/28/21 11:30,
Why Nvidia Stock Dipped Today,12/28/21 11:30,
Is It Too Late To Buy Nvidia Stock?,12/28/21 11:30,
Nvidia Stock Is One of the Biggest Gainers in 2021. Should It Replace Netflix in the FAANGs?,12/28/21 11:45,
"Northland Names Luminar As Top Pick For 2022, Thanks To Intel, NVIDIA",12/28/21 13:00,
Tech Megacaps Had a Big 2021. What’s Ahead for 2022.,12/28/21 13:00,
"AMC, Tesla, GameStop lead Yahoo Finance’s most-searched tickers in 2021",12/28/21 14:30,
AMC Entertainment is Yahoo Finance's 2021 top trending ticker,12/28/21 15:30,
The 10 Best S&P 500 Tech Stocks of 2021 Start With a Highflying Security Company,12/28/21 15:45,
4 Chip Stocks That More Than Doubled in 2021,12/29/21 08:30,
The Best Tech Stocks of 2021—#1 Is a Highflying Security Company,12/29/21 08:30,
These are tech’s 10 megatrends for 2022 — and the stocks to buy,12/29/21 09:30,
"Stock Market News for Dec 29, 2021",12/29/21 10:45,
3 Blockchain Stocks Poised for Big Returns in 2022,12/29/21 10:45,
Why Nvidia Stock Stumbled Today,12/29/21 12:00,
There’s a Bubble Brewing in Plain Sight. Here’s How to Play It.,12/30/21 08:30,
"The Zacks Analyst Blog Highlights: Nvidia, Microsoft and Accenture",12/30/21 08:30,
This Growth Stock Could Be a Surprise Metaverse Pick in 2022,12/30/21 08:30,
"Dow Jones Futures: Dow Hits High; Tesla, Meta, This 'Lone Wolf' Are Resistance Fighters",12/30/21 08:30,
3 Unstoppable Growth Stocks to Buy if There's a Stock Market Sell-Off,12/30/21 08:30,
5 S&P 500 Stocks That Helped the Index Score Big in 2021,12/30/21 09:15,
Stocks in the green as Santa Claus rally rolls on,12/30/21 10:45,
Investing In Stocks: Get Ready For 2022 With This 3-Step Routine,12/30/21 14:15,
7 Growth Stocks That Analysts Are Loving Right Now,12/31/21 08:30,
Nvidia (NVDA) Dips More Than Broader Markets: What You Should Know,12/31/21 08:30,
3 Crypto Mining Stocks to Watch for 2022,12/31/21 08:30,
16 Realistic Tech Predictions for 2022 (Part 1),12/31/21 08:30,
10 Top Robinhood Stocks That Doubled in 2021: Are They Buys Now?,12/31/21 08:30,
"As the Sun Sets on 2021, These 5 Stocks Are My Highest-Conviction Holdings",12/31/21 08:30,
Believe Web 3.0 is the Next Internet Revolution? Watch These 3 Stocks,12/31/21 08:30,
12 TOP Stocks to Buy Now in January 2022! (2022 High Growth),12/31/21 10:45,
Is a Big Tech Bear Market Coming in 2022?,12/31/21 10:45,
"Stocks: A look what drove the Nasdaq, S&P 500, and crypto in 2021",12/31/21 13:45,
Cloudflare Stock Is a Victim of Bearish Sentiment That Should Clear Soon,01/03/22 08:30,
Best Stocks for 2022: Can Nvidia Stock Double in Price Again?,01/03/22 08:30,
"How To Invest In Stocks In 2022: Start With Stock Ratings, A Routine — And One Simple Concept",01/03/22 08:30,
Investing in This ETF Right Now Could Make You a Millionaire Retiree,01/03/22 08:30,
3 Red-Hot Growth Stocks to Buy in 2022 and Beyond,01/03/22 08:30,
3 Surefire Metaverse Stocks That Could Make You Richer in 2022,01/03/22 08:30,
8 hot tech stocks Goldman Sachs loves in 2022,01/03/22 08:30,
10 Cryptocurrencies Redditors are Buying for 2022 and Beyond,01/03/22 09:00,
10 Best Multibagger Stocks To Buy Now,01/03/22 14:00,
"Read Why Nvidia, AMD, Taiwan Semiconductor And Other Chip Stocks Gained Steam",01/03/22 15:00,
"Tesla, Nvidia, 3 IPOs Among Top Stocks To Watch In 2022",01/03/22 15:15,
"Cramer's Mad Money Recap 1/3: Tesla, Apple, Nvidia",01/04/22 08:30,
Alphabet (GOOGL) Boosts Stadia Game Suite With New Titles,01/04/22 08:30,
"Bath Savings Trust Co Buys Thermo Fisher Scientific Inc, Walgreens Boots Alliance Inc, Pool ...",01/04/22 08:30,
Self-driving truck company TuSimple to use Nvidia chips for autonomous computing,01/04/22 08:30,
Could Marvell Technology Become the Next Nvidia?,01/04/22 08:30,
Better Metaverse Stock: Nvidia vs. Roblox,01/04/22 08:30,
Is NVIDIA Still a Buy After Jumping 125% in 2021?,01/04/22 08:45,
