AMD,time
"Zuora (ZUO) Earnings Top Estimates in Q3, Revenues Up Y/Y",
Semtech (SMTC) Earnings and Sales Surpass Estimates in Q3,
"Snowflake (SNOW) Tops Estimates in Q3 Earnings, Revenues Up Y/Y",
"Splunk (SPLK) Tops Estimates in Q3 Earnings, Revenues Up Y/Y",
"OKTA Incurs Loss in Q3, Subscription Revenues Increase Y/Y",
"FTC sues Nvidia to block $40B Arm deal, calling it the largest ever semiconductor chip merger",
Advanced Micro Devices (AMD) Gains But Lags Market: What You Should Know,
U.S. Sues to Block Nvidia’s $40 Billion Chip Takeover of Arm,
Nvidia’s Plan to Become the King of Chip Design Hits the Rocks,
"Is Advanced Micro Devices, Inc.'s(NASDAQ:AMD) Recent Stock Performance Tethered To Its Strong Fundamentals?",
Garmin (GRMN) Boosts Fitness Segment With SHIMANO Di2 Update,
"Marvell (MRVL) Q3 Earnings & Revenues Top Estimates, Up Y/Y",
10 Best Low-Cost Tech Stocks to Buy Right Now,
"DOMO Q3 Earnings Surpass Estimates, Revenues Improve Y/Y",
"Guidewire (GWRE) Incurs Loss in Q1, Revenues Top Estimates",
Why Advanced Micro Devices Stock Climbed 32% in November,
ASX vs. AMD: Which Stock Should Value Investors Buy Now?,
4 Top-Ranked Stocks From a Prospering Electronics Industry,
"Marvell will be ‘in the same camp’ as AMD, Nvidia after ‘one of the best’ semiconductor earnings calls",
FTC sues Nvidia to block $40 billion ARM acquisition,
Nvidia Stock Tumbles After U.S. Antitrust Officials Sue To Halt Its Takeover Of Arm,
"Evergrande, Markets, Omicron, The Week Ahead, Salesforce, Advanced Micro Devices",
"Zacks Industry Outlook Highlights: Advanced Micro Devices, ASE Technology, Diodes and Cirrus Logic",
"After a Successful IPO, Is It Too Late to Buy GlobalFoundries Stock?",
"Sabre (SABR), American Express Tie Up to Improve Corporate Travel",
Has Analog Devices (ADI) Outpaced Other Computer and Technology Stocks This Year?,
Nvidia-ARM deal probe paused by EU antitrust regulators,
Metaverse Madness: 2 Growth Stocks Building the Future,
"Nvidia stock 'has been almost bulletproof' before Monday dip, strategist explains",
Strategist not worried about market shock to Big Tech from 'well-known' Fed moves,
Buy Intel Stock on Plans for Mobileye IPO?,
Arrow (ARW) Adds CommVault's Metallic DMaaS to ArrowSphere,
2 Top Metaverse Stocks Ready for a Bull Run,
10 Monthly Dividend Stocks to Buy in December,
"Coupa Software (COUP) Q3 Earnings Top Estimates, Revenues Up",
2 Growth Stocks to Buy and Hold Forever,
"Is Advanced Micro Devices, Inc. (AMD) A Good Stock To Buy?",
Intel Jumps on Plans to Take Its Mobileye Car Business Public,
"Why Qualcomm, Advanced Micro Devices, and Micron Technology Surged Today",
Why Intel is unloading Mobileye,
Stratasys (SSYS) Launches Origin One Dental 3D Printer,12/8/21 10:00
Tyler (TYL) to Streamline Ventura County's Records Management,12/8/21 10:00
"Crake Asset Management LLP Buys The Walt Disney Co, Marriott International Inc, Meta Platforms ...",12/8/21 13:00
Lam Research (LRCX) Boosts Etch Capabilities With Syndion GP,12/8/21 13:00
"Keudell Buys Dimensional US Core Equity Market ETF, Vanguard Energy ETF, Vanguard ...",12/8/21 14:05
Texas Instruments (TXN) Boosts Portfolio Via New Wideband ADC,12/8/21 15:00
"4 Top Stock Trades for Tuesday: AMD, ARKK, MDB, S&P 500",12/9/21 8:30
"Moors & Cabot, Inc. Buys NVIDIA Corp, Nike Inc, Procter & Gamble Co, Sells Splunk Inc, ...",12/9/21 8:30
Top 10 Stock Picks of Ryan Caldwell’s Chiron Investment,12/9/21 8:30
10 Best Stocks to Buy Now According to Quant Billionaire Jim Simons’ Fund,12/9/21 10:45
Trimble (TRMB) Boosts Portfolio Via R750 GNSS Modular Receiver,12/9/21 11:30
"Photronics (PLAB) Q4 Earnings Beat Estimates, Revenues Up Y/Y",12/9/21 11:30
PagerDuty (PD) Shares Jump More Than 11% on Narrower Q3 Loss,12/9/21 12:30
"Nutanix (NTNX), Build-A-Bear Tie Up For Bear Builder 3D Workshop",12/9/21 13:45
DXC Technology (DXC) Offers Full PSS Support to Copa Airlines,12/9/21 13:45
IBD 50 Stocks To Watch: AMD Stock Seeks Support After Recent Run Higher; Is It A Buy?,12/9/21 15:45
Stock Market Today: Stocks Struggle as Rally Loses Steam,12/10/21 11:24
Adobe (ADBE) to Boost Creative Capabilities With ContentCal,12/10/21 11:24
"Why Growth Stocks Nvidia, AMD, and Unity Dropped Today",12/10/21 11:24
Advanced Micro Devices Inc (AMD) President & CEO Lisa T Su Sold $18 million of Shares,12/10/21 11:24
"Intel CEO to Visit Taiwan, Home of Biggest Chipmaking Rival",12/10/21 11:24
"American Century Fund Wins With Big Bets On Stocks like Microsoft, Apple",12/10/21 11:24
Digital Turbine's (APPS) Partner Base Expansion Drives Prospects,12/10/21 11:24
CACI-Yubico Team Up For Multi-Factor Authentication Solutions,12/10/21 11:24
"Jackson Wealth Management, LLC Buys BlackRock Inc, Adobe Inc, Equifax Inc, Sells Lam Research ...",12/10/21 13:00
Where to Buy the Dips in Nvidia and AMD,12/10/21 14:00
Intel Stock Will Shine Again in 2022,12/13/21 08:30
These 2 Meme Stocks Have Legitimate Long-Term Upside,12/13/21 08:30
4 Red Flags for Intel's Future,12/13/21 08:30
"Dow Jones Futures Rise With Fed Set To Speed Up Inflation Fight; Apple, Tesla, Rivian In Focus",12/13/21 08:30
C3.ai's (AI) Expanding Partner & User Base Aids Top-Line Growth,12/13/21 11:30
Infosys (INFY) & Packable Tie Up to Create D2C Platform,12/13/21 11:30
Garmin's (GRMN) Latest Agreement to Boost Aviation Segment,12/13/21 12:15
Invesco V.I. Main Street Fund Buys Salesforce. ...,12/14/21 08:30
Is AMD Stock A Buy After Chipmaker's Third-Quarter Earnings Report?,12/14/21 08:30
"Citi Expects Intel, AMD To Beat Q4 Guidance - Read Why",12/14/21 08:30
Dow Jones Futures Rise After Stock Market Sells Off Ahead Of Fed Meeting; Elon Musk Sells More Tesla Stock,12/14/21 08:30
Will Digital Media Strength Aid Adobe's (ADBE) Q4 Earnings?,12/14/21 12:00
Why Nvidia Stock Just Can't Stop Dropping,12/14/21 12:15
"Strategy Asset Managers Llc Buys Broadcom Inc, eBay Inc, Extra Space Storage Inc, Sells , Meta ...",12/14/21 13:00
"Catalyst Pivotal Growth Fund Buys DocuSign Inc, NVIDIA Corp, Bill. ...",12/15/21 08:30
Advanced Micro Devices (AMD) Gains As Market Dips: What You Should Know,12/15/21 08:30
Where Will Intel Stock Be in 10 Years?,12/15/21 08:30
"Dow Jones Futures: Stock Market At Turning Point As Fed Decision Looms; Google, Tesla, Nvidia At Key Levels",12/15/21 08:30
10 Best Semiconductor Stocks to Buy for 2022,12/15/21 08:30
"Dow Jones Futures Fall Ahead Of Fed Decision; Tesla, EV Leaders Post Early Losses",12/15/21 08:30
"Dow Jones Falls Ahead Of Fed Decision; Tesla, EV Leaders Post Early Losses",12/15/21 09:00
Adobe's (ADBE) Creative Cloud Express to Expand Creator Base,12/15/21 10:00
"VanEck Video Gaming and eSports ETF Buys Ubisoft Entertainment, Sells NVIDIA Corp, Advanced ...",12/15/21 10:30
"Large Company Growth Portfolio Buys Tesla Inc, Advanced Micro Devices Inc, Vertex ...",12/15/21 10:30
Why Nvidia Stock Finally Popped Today,12/15/21 12:30
Don’t Let a Nervous Market Scare You Out of Advanced Micro Devices,12/15/21 14:15
"Is Advanced Micro (AMD) a Solid Growth Stock? 3 Reasons to Think "" Yes """,12/15/21 14:15
"Dow Jones Futures: Market Roars On This Fed Move; AMD, Nvidia, Lilly Flash Buy Signals",12/15/21 15:45
Markets Get a Fed Bounce -- and These Mega-Stocks Were Big Winners,12/16/21 08:30
Fed Sets Stage for a Year-End Rally: 5 Top Picks,12/16/21 08:30
"Dow Jones Futures Rise After Market Roars On Fed Move; AMD, Nvidia, Lilly Flash Buy Signals",12/16/21 08:30
"Dow Jones Futures Rise, With AMD, Nvidia Up; Adobe Dives On Guidance, Tesla Rival Rivian Earnings Loom",12/16/21 08:30
"Supply chain normalizations are 'at the top of our wishlists', strategist says",12/16/21 08:45
"Dow Jones Rises But Nasdaq Dips; Adobe Dives On Guidance, Tesla Rival Rivian Earnings Loom",12/16/21 09:15
"Stock Market News for Dec 16, 2021",12/16/21 10:30
"Stock Market Mixed After Techs, Nasdaq Fade; Adobe Plunges",12/16/21 10:30
"Ambarella (AMBA), Autobrains Tie Up to Develop ADAS Solutions",12/16/21 11:30
Trimble (TRMB) Strengthens Buildings Segment With AgileAssets,12/16/21 11:30
"Itron (ITRI) Partners EQUANS, Boosts Streetlighting Efforts",12/16/21 11:30
"Logitech (LOGI), GameChanger Tie Up For Enhanced Video Streaming",12/16/21 11:45
Apple Builds New Team in Southern California to Bring More Wireless Chips In-House,12/16/21 13:30
"AMD, Nvidia Stock Reverse Course After Hearty Climb",12/16/21 14:00
"Why AMD, Qualcomm, and Skyworks Stocks Just Crashed",12/16/21 14:00
"AMD, Nvidia Shares Reverse Course After Hearty Climb",12/17/21 08:30
"Bitcoin is so 2021. Here’s why some institutions are set to bypass the No. 1 crypto and invest in Ethereum, other blockchains next year",12/17/21 08:30
Vishay (VSH) to Boost Resistor Segment With Barry Industries,12/17/21 11:00
FormFactor (FORM) Boosts Probe Card Efforts With New Facility,12/17/21 11:00
"Adobe (ADBE) Q4 Earnings & Revenues Beat Estimates, Rise Y/Y",12/17/21 11:00
"The Zacks Analyst Blog Highlights: NVIDIA, Qualcomm, Advanced Micro Devices, Broadcom and Analog Devices",12/17/21 11:00
Hewlett Packard's (HPE) GreenLake Selected by Barclays,12/17/21 11:00
Sabre (SABR) & Radixx to Support Nok Air's Business Evolution,12/17/21 11:00
Advanced Micro Devices Is Solidifying Its Spot in the Industry,12/17/21 12:15
How Upstart Holdings Stock Can Double From Current Levels,12/20/21 08:30
Intel Stock Is at a Crossroads,12/20/21 08:30
"Wisconsin Capital Funds Inc Buys Advanced Micro Devices Inc, Chewy Inc, Marqeta Inc, Sells ...",12/20/21 08:30
7 Top Meme Stocks to Buy Before the Year End,12/20/21 08:30
Advanced Micro Devices Inc (AMD) Chief Technology Officer & EVP Mark D Papermaster Sold $8. ...,12/20/21 08:30
10 Cheap Semiconductor Stocks to Invest In Today,12/20/21 08:30
"Dow Jones Futures Sell Off As Omicron Fears Rise; Moderna Jumps, But Apple, Nvidia, Tesla Set To Fall",12/20/21 08:30
"Dow Jones Dives As Omicron Fears Rise; Moderna Jumps, But Apple, Nvidia, Tesla Drop",12/20/21 08:45
