AAPL,time,Unnamed: 2,Unnamed: 3,Unnamed: 4,Unnamed: 5,Unnamed: 6
10 Monthly Dividend Stocks to Buy in December,,,,,,
Apple's Tim Cook signed $275 billion deal to placate China - The Information,,,,,,
Nasdaq’s Pullback Gives Investors Deja Vu for 2018,,,,,,
"Dow Jones Surges As Intel Jumps On Mobileye Plans; Apple, Tesla Set To Rally",,,,,,
10 Biotech Stocks to Buy According to Billionaire Ken Fisher,,,,,,
Apple Gets Another Street-High Target on Virtual Reality Boost,,,,,,
S&P 500 in Rally Mode as Bulls Pile Into Tech; Apple Hits Record,,,,,,
S&P 500 Eyes Record as Tech Fuels Biggest Rally Since March,,,,,,
This Top Stock Has Insane Pricing Power Despite Inflation,,,,,,
UPDATE 1-Apple's Tim Cook signed $275 bln deal to placate China - The Information,,,,,,
Better Buy for 2022: Crypto Crash or the Stock Market Sell-Off?,,,,,,
Is PTON Stock A Buy Or Sell After $1 Billion Stock Offering?,,,,,,
Apple poised to become first $3 trillion company,,,,,,
Should Investors Be Worried About Amazon After Its Lackluster Q3 Report?,,,,,,
"Dow Jones Retakes 50-Day Line As Apple, Intel Rally; Growth Stocks Lead Rebound",,,,,,
"Cramer's Mad Money Recap 12/7: Apple, Starbucks",,,,,,
2 Top Stocks to Buy Before 2021 Is Over,,,,,,
Morgan Stanley Predicts Apple’s Stock Price Will Hit $200 Soon,,,,,,
Apple Could Be the ‘Catalyst’ for VR Adoption. Morgan Stanley Boosts Price Target.,,,,,,
Twitter’s New CEO Agrawal Got Early Nod From Dorsey a Year Ago,,,,,,
Meta Reorganizes Research Department Amid Scrutiny Over Findings,,,,,,
Apple's alleged restriction on workers' Slack use sparks labor complaint,,,,,,
Why Apple Stock Climbed to a New All-Time High Today,,,,,,
Snap is already delivering on the future Meta is promising,,,,,,
Apple's iPhone 13 production fell 20% in Sept-Oct - Nikkei,,,,,,
A leader of the #AppleToo movement accused Apple of cracking down on employees' use of Slack to organize,,,,,,
"Apple hit by supply crunch, saw iPhone 13 production drop 20% in recent months: report",,,,,,
"Apple, Amazon, Pfizer, Omicron and Tech Stocks - Five Things You Must Know",,,,,,
"Apple Stock Extends Gains, With $3 Trillion Value in Sight, As Nikkei Reports iPhone Production Slump",,,,,,
"An ESG Fund Changes the World, One Company at a Time",,,,,,
Apple Nears $3 Trillion in Market Value. Here’s Some Context,,,,,,
2 Big Data Center Acquisitions and What Investors Need to Know,,,,,,
Why Apple will now let you fix your iPhone,,,,,,
"Dow Jones Futures Rise On Omicron Vaccine News: Google, Microsoft In Buy Range; Tesla China Sales Strong",,,,,,
The Metaverse Is Going to Be Bigger Than You Think,,,,,,
Dow Jones Futures Rally On Pfizer Vaccine News; Tesla Stock Rises After China Sales,,,,,,
Apple Stock Rises Despite Report of iPhone 13 Production Shortfall,,,,,,
Apple’s key competitive advantage is ‘in its large and still growing user base’: Analyst,,,,,,
"Market check: Tech, travel stocks get a boost in early trading",,,,,,
Apple's 'key competitive advantage' is the iPhone as market cap zeroes in on $3T,,,,,,
"How are tech giants like Tesla, Apple, Oracle affecting housing prices in Austin?",12/8/21 10:00,,,,,
10 Large-Cap Stocks to Buy According to Claes Fornell’s CSat Investment,12/8/21 10:00,,,,,
"Dow Jones Rallies On Pfizer Vaccine News; Apple Hits New High, Tesla Falls Despite Strong China Sales",12/8/21 10:00,,,,,
Apple inches closer to $3 trillion market cap,12/8/21 12:00,,,,,
"Apple Is Working On a Second-Generation AR Headset, Analyst Says",12/8/21 12:00,,,,,
"Crake Asset Management LLP Buys The Walt Disney Co, Marriott International Inc, Meta Platforms ...",12/8/21 13:00,,,,,
"Chip-Delivery Wait Times Grow Again, Signaling Shortages Will Drag On",12/8/21 13:00,,,,,
Why Investors Are Stacking Up Apple Stock Today,12/8/21 13:00,,,,,
5 Dow Jones Stocks To Buy And Watch In December 2021: Apple Hits New High,12/8/21 13:00,,,,,
Why Intel is unloading Mobileye,12/8/21 13:00,,,,,
Apple might be the only company that can take VR and AR headsets mainstream,12/8/21 13:00,,,,,
U.S. appeals court pauses antitrust orders against Apple App Store,12/8/21 14:15,,,,,
"Apple wins appeal in Epic case, avoiding changes to App Store on Dec. 9",12/8/21 14:15,,,,,
UPDATE 1-U.S. appeals court pauses antitrust orders against Apple App Store,12/8/21 14:30,,,,,
"Apple wins stay in Epic case, avoiding changes to App Store on Dec. 9",12/8/21 14:30,,,,,
Dow Jones Slips As Stock Market Pauses; Donald Trump SPAC Roars Again; Apple Stock Pops,12/8/21 14:30,,,,,
Apple wins last-minute reprieve from App Store changes while 'Fortnite' appeal plays out,12/8/21 14:45,,,,,
UPDATE 2-Apple wins last-minute reprieve from App Store changes while 'Fortnite' appeal plays out,12/8/21 14:45,,,,,
"JPMorgan Likes Amazon, Apple, McDonald's, Lennar for 2022",12/9/21 8:30,,,,,
Dow Jones Stalls As Stock Market Pauses; Donald Trump SPAC Roars Again; Apple Stock Pops,12/9/21 8:30,,,,,
Charter CEO details factors leading companies to delay return-to-office,12/9/21 8:30,,,,,
"Stocks: Apple stock hits new highs, Meta rallying, Nio and Roku pop on deals",12/9/21 8:30,,,,,
UPDATE 3-Apple wins last-minute reprieve from App Store changes while 'Fortnite' appeal plays out,12/9/21 8:30,,,,,
"Dow Jones Futures: Apple Leads Market Rally; Tesla EV Play Flashes Buy Sign, Trump SPAC Stock DWAC Soars",12/9/21 8:30,,,,,
"Dow Jones Futures: Apple Leads Market Rally, Now Watch For This Signal; Trump SPAC Stock DWAC Soars",12/9/21 8:30,,,,,
Apple Wins a Round in Payments Fight With Epic Games,12/9/21 8:30,,,,,
Dow Jones Futures: Watch For This Market Rally Signal As Apple Nears Milestone; Trump SPAC Stock DWAC Soars,12/9/21 8:30,,,,,
S&P 500 Climbs on Positive Vaccine News; Apple Hits Fresh Record,12/9/21 8:30,,,,,
Should Metaverse Investors Bet on Apple?,12/9/21 8:30,,,,,
Apple’s Car Project Loses Three More Key Engineers to Startups,12/9/21 8:30,,,,,
"Dow Jones Futures: As Market Rallies, Watch For This; Apple Nears Milestone, Trump SPAC Stock DWAC Soars",12/9/21 8:30,,,,,
Kevin O’Leary's crypto exposure has surged to 10% — but he's still relying on these 3 tried and true income stocks,12/9/21 8:30,,,,,
"S&P 500 Tops 4,700 on Vaccine News as Apple Nears $3T Valuation",12/9/21 8:30,,,,,
Dow Jones Stalls As Market Pauses; Donald Trump SPAC Explodes; Apple Stock Hits All-Time High,12/9/21 8:30,,,,,
Apple Stock Gets a New Street-High Price Target,12/9/21 8:30,,,,,
"Apple Named 'Favorite Idea,' 'Safety Blanket,' for 2022",12/9/21 8:30,,,,,
Zacks Earnings Trends Highlights: Apple and Amazon,12/9/21 8:30,,,,,
Once-Hot IPOs Stumble as Market Volatility Picks Up,12/9/21 8:30,,,,,
Inflation Data Lie in Wait as the Stock Market’s Next Nemesis,12/9/21 8:30,,,,,
Missed Out On Roku? My Best Software Stock to Buy and Hold,12/9/21 8:30,,,,,
This Could Cause Mobile Advertising Spend to Surge,12/9/21 8:30,,,,,
A Dirt-Cheap Tech Stock to Buy Right Now,12/9/21 8:30,,,,,
"GameStop, Lucid, Amazon Fall Premarket; CVS Health Rises",12/9/21 9:15,,,,,
"Ethereum developer sounds off on NFTs, metaverse and 'dystopian' Facebook",12/9/21 9:45,,,,,
"Apple car unit loses key engineers to Jobi, Archer air taxi upstarts",12/9/21 10:30,,,,,
10 Stocks to Buy According to Billionaire Paul Tudor Jones,12/9/21 11:15,,,,,
Jobless Claims 184K: A New Covid Low,12/9/21 11:30,,,,,
Weekly Jobless Claims Hit New Post-Pandemic Low,12/9/21 11:30,,,,,
US STOCKS-Nasdaq leads Wall Street lower after sharp rally this week,12/9/21 11:45,,,,,
Why Apple's stock is on fire right now,12/9/21 11:45,,,,,
"Apple car unit loses key engineers to Joby, Archer air taxi upstarts",12/9/21 12:15,,,,,
Apple Stock Nears $3 Trillion Market Cap. Why Morgan Stanley Still Says It’s a Top Pick for 2022.,12/9/21 12:45,,,,,
Apple Loses Key Self-Driving Car Engineers To Rivals,12/9/21 13:15,,,,,
Apple Car Project Loses 3 More Vital Engineers In Quick Succession,12/9/21 13:45,,,,,
"B. Riley Believes Now Is An Excellent Time To Buy Globalstar, Thanks To Apple, Qualcomm",12/9/21 13:45,,,,,
Barclays Sees Apple Vulnerable To TAC Pressure From Google,12/9/21 14:00,,,,,
"Apple’s stock rises toward another record, as Wedbush says no need to worry about supply issues",12/9/21 14:15,,,,,
"Apple Stock May Pause From Its Rally, And This Options Strategy Profits From That Scenario",12/9/21 14:30,,,,,
"Apple wins delay in Epic case, Amazon fined $1.3 billion by Italy's antitrust regulators",12/9/21 14:30,,,,,
What’s next for Apple as it nears a $3 trillion market cap,12/9/21 14:30,,,,,
S&P 500 Takes Breather Ahead of Inflation Report,12/9/21 16:45,,,,,
Apple Nears $3 Trillion. Why It Could Still Be a Top Stock Pick for 2022.,12/9/21 16:45,,,,,
S&P 500 Slips as Caution Sets in Ahead of Inflation Report,12/10/21 11:24,,,,,
Apple (AAPL) Stock Moves -0.3%: What You Should Know,12/10/21 11:24,,,,,
#AppleToo leader Cher Scarlett accused Apple of breaking its promise regarding employee rights,12/10/21 11:24,,,,,
"Intel CEO to Visit Taiwan, Home of Biggest Chipmaking Rival",12/10/21 11:24,,,,,
Apple Sued Over Apple Watch Screen Allegedly Causing Injury,12/10/21 11:24,,,,,
Why we chose Sweeney as our 2021 Business Person of the Year,12/10/21 11:24,,,,,
"2021 Business Person of the Year: Tim Sweeney, CEO, Epic Games",12/10/21 11:24,,,,,
Apple Shuts Texas Store On COVID-19 Outbreak,12/10/21 11:24,,,,,
Dow Jones Rallies After Hot Inflation Reading; Tesla Slides As Elon Musk Sells More Shares,12/10/21 11:24,,,,,
14 best tech gifts to spoil a gadget geek this Christmas,12/10/21 11:24,,,,,
"Simplify Exchange Traded Funds Buys Twitter Inc, Amazon. ...",12/10/21 11:24,,,,,
Apple’s Market Cap Is Heading to $3 Trillion. That’s Just the Warm-Up.,12/10/21 11:24,,,,,
3 Stocks These Investors Don't Need to See Earnings for Every Quarter,12/10/21 13:45,,,,,
5 Tech Stocks That Should Be on Every Investor’s 2022 Buy List,12/13/21 08:30,,,,,
Can Lucid Motors Stock Hit New Highs Despite SEC Subpoena?,12/13/21 08:30,,,,,
10 Most Popular Dividend Stocks Among Famous Hedge Funds,12/13/21 08:30,,,,,
"AlphaClone Alternative Alpha  ETF Buys Caesars Entertainment Inc, PagerDuty Inc, FormFactor ...",12/13/21 08:30,,,,,
Is PTON Stock A Buy Or Sell After Cameo In 'Sex And The City' Revival?,12/13/21 08:30,,,,,
"Franklin Global Dividend Fund Buys Cummins Inc, Sells Microsoft Corp, Apple Inc, Eli Lilly and Co",12/13/21 08:30,,,,,
5 Red Flags for Snap's Future,12/13/21 08:30,,,,,
3 Green Flags for Apple's Future,12/13/21 08:30,,,,,
"5 Reasons to Buy Apple, and 1 Reason to Sell",12/13/21 08:30,,,,,
Why we have exactly the fuel we need for a year-end rally,12/13/21 08:30,,,,,
3 Top Tech Stocks to Buy in December,12/13/21 08:30,,,,,
"Why Apple Needs to Embrace Crypto, NFTs, and Web3",12/13/21 08:30,,,,,
Top 10 Stock Picks of John Overdeck and David Siegel’s Two Sigma Advisors,12/13/21 08:30,,,,,
Jim Cramer likes these 3 'junior' growth stocks you've probably never considered ⁠— grab them before they become the next mega-cap stars,12/13/21 08:30,,,,,
"Samsung Names New Phone, Appliance Business ‘DX Division’",12/13/21 08:30,,,,,
12 Penny Stocks Most Popular on Reddit and Robinhood,12/13/21 08:30,,,,,
Apple Stock Is Near Record Highs. Can It Go Higher Still?,12/13/21 08:30,,,,,
Tech Stocks Roundup: Facebook A Top Buy Amid Instagram Safety Push,12/13/21 08:30,,,,,
Apple Could Be the First $3 Trillion Company. Why Its Rally Won’t Stop There.,12/13/21 08:30,,,,,
How to gift stocks this Christmas,12/13/21 08:30,,,,,
"Apple, Peloton, Pfizer, Omicron and Stock Markets - Five Things  You Must Know",12/13/21 08:30,,,,,
"Lay of the Land, Central Bankers, Looking Ahead, ETFs, Inflation, Apple at 3T",12/13/21 08:30,,,,,
Apple’s Key Weaknesses,12/13/21 08:30,,,,,
Apple Stock Nears $3 Trillion Value As JPMorgan Price Target Boost Adds To Wall Street Bull Rush,12/13/21 08:30,,,,,
Polish regulator to investigate Apple's privacy policy,12/13/21 08:30,,,,,
3 Investors Pick Their Top Wealth-Building Stocks,12/13/21 08:30,,,,,
Could Tesla Be the World's Most Valuable Company in 10 to 15 Years?,12/13/21 08:30,,,,,
US STOCKS-Futures edge higher as Apple leads; Fed meeting awaited,12/13/21 08:30,,,,,
Wall St set to open higher as Apple leads; Fed meeting awaited,12/13/21 08:30,,,,,
"Dow Jones Futures Rise With Fed Set To Speed Up Inflation Fight; Apple, Tesla, Rivian In Focus",12/13/21 08:30,,,,,
US STOCKS-Wall St set to open higher as Apple leads; Fed meeting awaited,12/13/21 08:30,,,,,
10 Best Tech Stocks to Buy According to Noam Gottesman’s Man GLG,12/13/21 08:30,,,,,
"Apple Nears $3 Trillion. The Stock Won’t Stop There, J.P. Morgan Says.",12/13/21 08:30,,,,,
This Cheap Tech Stock Could Have a Blockbuster 2022,12/13/21 08:30,,,,,
Dow Jones Futures Rise As Apple Eyes New Highs; Rivian Called 'Most Remarkable' Truck Of The Year,12/13/21 08:30,,,,,
One chart explains why the stock market is back in rally mode: Morning Brief,12/13/21 08:30,,,,,
Stock market news live updates: Stock futures point to slightly higher open,12/13/21 08:30,,,,,
"Dow Jones Falls As Apple Hits New Highs; Tesla Skids, Rivian Called 'Most Remarkable' Truck Of The Year",12/13/21 08:45,,,,,
Stock market news live updates: Stocks drift lower as traders look ahead to Fed decision,12/13/21 08:45,,,,,
Apple Inching Closer to Landmark $3 Trillion Market Value,12/13/21 09:00,,,,,
5 giant stocks are driving the S&P 500 to records: Goldman Sachs,12/13/21 09:00,,,,,
"Harley-Davidson, Lucid, Arena, Apple Rise Premarket",12/13/21 09:15,,,,,
Apple inches closer to $3 trillion market value,12/13/21 09:15,,,,,
Wall Street edges lower on Omicron worries; Fed meeting awaited,12/13/21 09:30,,,,,
Apple inches closer to $3 trillion valuation as J.P. Morgan says investors ‘underappreciate’ key upgrade opportunity,12/13/21 09:30,,,,,
US STOCKS-Wall Street edges lower on Omicron worries; Fed meeting awaited,12/13/21 09:30,,,,,
Just Buy Apple?,12/13/21 09:45,,,,,
15 best tech gifts to spoil a gadget geek this Christmas,12/13/21 09:45,,,,,
Apple's upcoming iPhone SE 5G could help attract billion-plus Android users- J.P.Morgan,12/13/21 10:00,,,,,
Apple Turns Lower as $3 Trillion Market Value Proves Elusive,12/13/21 10:30,,,,,
Apple set to amass $3 trillion in market capitalization,12/13/21 10:45,,,,,
5 Dow Jones Stocks To Buy And Watch In December 2021: Apple Reverses From New Highs,12/13/21 10:45,,,,,
Must-Have Accessories for iPhone and Android,12/13/21 11:00,,,,,
Fiscal and monetary policy changes will happen ‘as slowly as possible’: Strategist,12/13/21 11:00,,,,,
Wall Street falls on Omicron worries ahead of Fed meeting,12/13/21 11:15,,,,,
Apple Stock Boost Seen From 5G Version Of Low-Cost iPhone SE,12/13/21 11:15,,,,,
"Market check: Tesla shares fall, travel stocks under pressure",12/13/21 11:15,,,,,
"Apple has even more room to ‘build on this incredible ecosystem,' analyst explains",12/13/21 11:15,,,,,
US STOCKS-Wall Street falls on Omicron worries ahead of Fed meeting,12/13/21 11:30,,,,,
Apple within a whisker of $3 trillion market value,12/13/21 12:00,,,,,
"Apple stock nears $3 trillion market cap, JPMorgan raises price target",12/13/21 12:15,,,,,
"Stock market: Tesla dips, Facebook up amid red day across the board",12/13/21 12:15,,,,,
iOS 15.2: Apple updates iPhone with a range of new and controversial features,12/13/21 12:45,,,,,
Apple closes in on $3 trillion market value,12/13/21 13:15,,,,,
"Apple Retreats After Hitting Record High, Nearing $3T Value",12/13/21 13:30,,,,,
Wall Street falls as investors eye Omicron and Fed meeting,12/13/21 13:45,,,,,
"Apple stock 'is here to stay,' Santosh Rao says",12/13/21 13:45,,,,,
Apple Management-Training Chief Joel Podolny Leaves for Startup,12/13/21 14:00,,,,,
Apple launches AirTag detector app for Android to boost privacy,12/13/21 14:30,,,,,
"T. Rowe Price Exchange-Traded Funds, Inc. Buys Microsoft Corp, Amazon. ...",12/13/21 14:45,,,,,
Social-Video App Triller Is in Merger Talks With Seachange,12/13/21 15:00,,,,,
J.P. Morgan Raises Apple Price Target to Street High,12/13/21 15:00,,,,,
Wall Street ends down; investors eye Omicron and Fed meeting,12/13/21 15:15,,,,,
"Stock market news live updates: S&P pulls back from record, Nasdaq sheds 1.4%",12/13/21 15:15,,,,,
Apple Ends Lower as $3 Trillion Market Value Proves Elusive,12/13/21 15:30,,,,,
"Invesco V.I. Capital Appreciation Fund Buys Atlassian Corporation PLC, Apple Inc, Datadog Inc, ...",12/14/21 08:30,,,,,
Apple looks set to be the first stock with a $3 trillion market cap,12/14/21 08:30,,,,,
Synopsys' (SNPS) Buyback Plan to Boost Shareholders' Wealth,12/14/21 08:30,,,,,
Inside the Race to Fix a Potentially Disastrous Software Flaw,12/14/21 08:30,,,,,
China’s Oppo Touts Smartphone Photo Breakthrough With New Chip,12/14/21 08:30,,,,,
UK regulator says Google and Apple hold 'vice-like' grip on consumers,12/14/21 08:30,,,,,
UPDATE 3-UK regulator says Google and Apple hold 'vice-like' grip on consumers,12/14/21 08:30,,,,,
"Apple and Google have a ‘vice-like grip’ on phones, UK regulators warn",12/14/21 08:30,,,,,
Apple Price Targets Keep Rising as $3 Trillion Milestone in View,12/14/21 08:30,,,,,
UK slams Apple and Google's 'vice-like grip' on smartphones,12/14/21 08:30,,,,,
Red-Hot Chip Stocks Are Cooling,12/14/21 08:30,,,,,
3 Firecracker Stocks to Buy Now for the New Year,12/14/21 08:30,,,,,
UPDATE 1-Key EU parliament committee agrees tough position on DSA tech rules,12/14/21 08:30,,,,,
3 Environmentally Friendly Alternatives to Bitcoin,12/14/21 08:30,,,,,
The Fed Meeting Could Be D-Day for Bitcoin and Other Cryptos,12/14/21 08:30,,,,,
US STOCKS-Futures fall after PPI data as Fed meet looms,12/14/21 08:30,,,,,
Omicron variant and threat of higher interest rates cause investors to hoard cash: BofA,12/14/21 08:30,,,,,
"Apple and Google’s ‘vice-like grip’ on smartphone market harms consumers, warns watchdog",12/14/21 08:45,,,,,
Apple Trades Higher as $3-Trillion Tag Teases,12/14/21 09:00,,,,,
Apple Price Targets Rise With $3 Trillion Milestone in View,12/14/21 09:00,,,,,
"Apple, Beyond Meat Rise Premarket; Weibo, GameStop, AMC Entertainment Fall",12/14/21 09:15,,,,,
Why Apple Is a Top Metaverse Stock to Buy Right Now,12/14/21 09:15,,,,,
"Here’s the best way to spot stock-market winners, according to this 25-year tech analyst",12/14/21 09:15,,,,,
Apple Staffer's Retaliation Claim Investigated by U.S. Labor Agency: Reports,12/14/21 09:30,,,,,
7 best VPN services for streaming securely in 2021,12/14/21 09:30,,,,,
"US STOCKS-S&P 500, Nasdaq slide on hot producer prices data as Fed meet looms",12/14/21 09:30,,,,,
5G Stocks To Buy And Watch: Apple Upgraded On View Augmented Reality To Drive 5G,12/14/21 09:30,,,,,
BofA Turns Bullish On Apple - Read Why,12/14/21 10:00,,,,,
Apple nears $3 trillion milestone. Analyst sees 'best days to come.',12/14/21 10:00,,,,,
The Worst Mistake Roku Investors Can Make Right Now,12/14/21 10:00,,,,,
Apple Close to Hitting $3T Market Cap: 5 ETFs to Buy,12/14/21 10:45,,,,,
"Principal Exchange-Traded Funds Buys Apple Inc, Microsoft Corp, Amazon.com Inc, Sells ,",12/14/21 10:45,,,,,
Wall Street Opens Mixed as PPI Reinforces Fed Concerns; Dow up 40 Pts,12/14/21 11:00,,,,,
"Dow Falls As Apple, Microsoft Weigh; Nasdaq Loses Support As Growth Stocks Sell Off",12/14/21 12:00,,,,,
"Newfound Risk Managed US Sectors Fund Buys Vanguard S&P 500 ETF, Vanguard U.S. ...",12/14/21 12:00,,,,,
Apple Brings Back Mask Mandate For US Stores As Covid Cases Rise; Stock Extends Slide,12/14/21 12:15,,,,,
Apple to Again Require Masks at U.S. Stores and Limit Crowds,12/14/21 12:30,,,,,
Stocks in defensive setup ahead of Fed announcement,12/14/21 12:30,,,,,
Apple makes masks mandatory at U.S. retail stores as COVID-19 cases rise,12/14/21 12:45,,,,,
Politician says Germany should ban Telegram unless it tackles extremist content,12/14/21 12:45,,,,,
"5 Dow Jones Stocks To Buy And Watch In December 2021: Apple, Microsoft Sell Off",12/14/21 12:45,,,,,
UPDATE 1-Apple makes masks mandatory at U.S. retail stores as COVID-19 cases rise,12/14/21 12:45,,,,,
"Apple’s augmented-reality ambitions could be a ‘game changer,’ Bank of America says in upgrade",12/14/21 13:00,,,,,
Why Apple Stock Dropped Today,12/14/21 13:15,,,,,
"Apple stock dips, software stocks slump, AMC and GME remain volatile",12/14/21 14:00,,,,,
US STOCKS-Wall Street drops as investors eye inflation and coronavirus,12/14/21 14:15,,,,,
Apple Restores Mask Mandate for All U.S. Stores,12/14/21 14:45,,,,,
Dow Jones Falls As Microsoft Dives; Tesla Slips On Elon Musk Move; Schumer Makes Debt Ceiling Push,12/14/21 15:00,,,,,
Duolingo adds former Mozilla CEO John Lilly to its board of directors,12/14/21 15:30,,,,,
"US STOCKS-Wall Street ends down, investors eye inflation and Omicron",12/14/21 15:30,,,,,
"Lennar Profit, Retail Sales, Oil Stocks: 3 Things to Watch",12/15/21 08:30,,,,,
"Apple, Google Hold ‘Vise-Like Grip’ on Smartphones, U.K. Regulator Says",12/15/21 08:30,,,,,
Dow Jones Falls; Tesla Stock Slips On Elon Musk Move; Senate Approves Debt Ceiling Hike,12/15/21 08:30,,,,,
Warren Buffett says these are the absolute best stocks to own — check out 3 choice picks from his collection,12/15/21 08:30,,,,,
Biden Team Mulls New Clampdown on China’s Largest Chipmaker,12/15/21 08:30,,,,,
"Samsung Gets Competition in Foldables From a $1,250 China Phone",12/15/21 08:30,,,,,
Warren Buffett Stocks: What's Inside Berkshire Hathaway's Portfolio?,12/15/21 08:30,,,,,
Will Apple Hit a $3 Trillion Market Cap in 2022?,12/15/21 08:30,,,,,
"Dow Jones Futures: Stock Market At Turning Point As Fed Decision Looms; Google, Tesla, Nvidia At Key Levels",12/15/21 08:30,,,,,
Misinformation Has Already Made Its Way to the Metaverse,12/15/21 09:15,,,,,
Market check: Stocks drift as traders await Fed decision,12/15/21 09:15,,,,,
Apple Has Some Surprising News About the Mac and iPad,12/15/21 09:30,,,,,
What to Watch in 2022,12/15/21 09:30,,,,,
"Disney Plus Now Supports Apple SharePlay, Letting You Watch Shows With up to 32 People",12/15/21 09:45,,,,,
"Disney Plus Now Supports Apple SharePlay, Letting You Watch Shows and Movies With up to 32 People",12/15/21 10:00,,,,,
"As Tech Stocks Struggle in a Volatile Market, Is Apple a Good Stock to Buy Right Now?",12/15/21 10:15,,,,,
"Apple: ‘A big driver’ of the iPhone 5G upgrade cycle will be ‘switchers,’ analyst says",12/15/21 10:45,,,,,
Apple Set to Post Strong 2022 Returns,12/15/21 11:45,,,,,
Apple is close to hitting $3T — now it has to prove investors made the right call,12/15/21 11:45,,,,,
Why analysts love Apple right now,12/15/21 13:15,,,,,
10 Best Value Stocks in Warren Buffett’s Portfolio,12/15/21 14:30,,,,,
Apple Products Still On Sale For Your Last-Minute Gifting Needs,12/15/21 14:45,,,,,
"Apple shuts three stores in U.S., Canada after rise in COVID-19 cases",12/15/21 15:00,,,,,
Top 10 Stocks to Buy According to Legendary Value Investor Joel Greenblatt,12/15/21 15:15,,,,,
Apple delays return to office indefinitely - Bloomberg News,12/16/21 08:30,,,,,
UPDATE 4-Apple delays return to office indefinitely - Bloomberg News,12/16/21 08:30,,,,,
Apple Delays Office Return; Germany Rations Shots: Virus Update,12/16/21 08:30,,,,,
Apple Scraps Office-Return Deadline Without Setting New Date,12/16/21 08:30,,,,,
Why Apple Stock Rallied Today,12/16/21 08:30,,,,,
"Apple Joins Microsoft, Google in Delaying Office Return as Omicron Looms",12/16/21 08:30,,,,,
"Stocks Roar On Fed Certainty, Apple, Moderna and Bruce Springsteen - Five Things To Know",12/16/21 08:30,,,,,
I Ran A Stock Scan For Earnings Growth And Apple (NASDAQ:AAPL) Passed With Ease,12/16/21 08:30,,,,,
France Restricts Travel From U.K. After Cases Jump: Virus Update,12/16/21 08:30,,,,,
Covid’s Resurgence Is Halting Reopening Plans. What to Know.,12/16/21 08:30,,,,,
Apple delays office return plans for employees indefinitely over Omicron surge,12/16/21 08:30,,,,,
Why Apple Stock Is Still a Good Buy,12/16/21 08:30,,,,,
10 Micro-Cap Stocks to Buy According to Hedge Funds,12/16/21 08:30,,,,,
"Supply chain normalizations are 'at the top of our wishlists', strategist says",12/16/21 08:45,,,,,
France Restricts Travel From U.K.; Astra Drug: Virus Update,12/16/21 09:30,,,,,
Could Apple Soon Deploy a Fully Autonomous Vehicle?,12/16/21 09:45,,,,,
"Sustainable IPOs, Apple delays return to office, Bruce Springsteen sells music catalog, McDonald’s settles with former CEO",12/16/21 09:45,,,,,
"Apple postpones return to work plans indefinitely, temporarily closes a few stores",12/16/21 12:15,,,,,
10 Biotech Stocks in Billionaire Ray Dalio’s Portfolio,12/16/21 12:30,,,,,
KeyBanc Warns Against Heavily Constrained Apple iPhone 13 Supply,12/16/21 12:45,,,,,
Apple Builds Team in New Office to Make Own Wireless Chips,12/16/21 12:45,,,,,
"Stocks mixed: Apple and Nvidia lead Nasdaq down, 10-year Treasury dips, oil and bitcoin up",12/16/21 12:45,,,,,
Apple Builds New Team in Southern California to Bring More Wireless Chips In-House,12/16/21 13:00,,,,,
Why Apple Stock Was Down Today,12/16/21 13:00,,,,,
Apple Leads Big Tech Lower as Investors Reconsider Fed Moves,12/16/21 13:15,,,,,
These companies' values soared since the start of Covid-19,12/16/21 14:00,,,,,
"Why AMD, Qualcomm, and Skyworks Stocks Just Crashed",12/16/21 14:00,,,,,
Meta Cracks Down on Companies That Spied on Users in 100 Countries,12/16/21 14:30,,,,,
Dow Jones Dips As Fed Rally Falters; Adobe Stock Plummets On This; Tesla Stalls As Ford Gains,12/16/21 14:30,,,,,
"Skyworks, Broadcom Are Trading Lower Today, Thanks To Apple",12/17/21 08:30,,,,,
Is The Trade Desk a Good Stock to Buy Despite Its Nosebleed Valuation?,12/17/21 08:30,,,,,
Apple Stock Fell 3.5% Thursday. What Was Behind the Slide.,12/17/21 08:30,,,,,
Would Apple Hold Up Well in a Recession?,12/17/21 08:30,,,,,
Billionaire Tom Sandell is Buying These 10 Stocks,12/17/21 08:30,,,,,
Omicron: Biden warns of winter with 'severe illness and death' as COVID-19 cases rise,12/17/21 08:45,,,,,
Apple Option Traders Bearish in the Near Term,12/17/21 09:00,,,,,
How Has Warren Buffett's Stock Portfolio Performed in 2021?,12/17/21 09:30,,,,,
Market check: Stocks extend losses after tech sells off,12/17/21 09:45,,,,,
Market check: Stocks choppy in intraday trading,12/17/21 10:45,,,,,
Read Why Piper Sandler Lacks Conviction On Apple's In-House Chip Plans,12/17/21 11:00,,,,,
"PFM Multi-Manager Series Trust Buys Danaher Corp, Monolithic Power Systems Inc, Clorox Co, ...",12/17/21 11:00,,,,,
Apple stock is smack in the middle of a perfect storm: strategist,12/17/21 12:00,,,,,
Is the Semiconductor Shortage Almost Over?,12/17/21 12:15,,,,,
"Stock market: Short-term pressures from Omicron variant ‘could be substantial,’ BCG CEO says",12/17/21 12:45,,,,,
"These 5 Stocks Will Make Or Break Nasdaq 100 – Price Volume Analysis on AAPL, MSFT, AMZN, TSLA, NVDA",12/17/21 13:00,,,,,
Synopsys (SNPS) to Buy Back Stock Worth $200M Under ASR Pact,12/17/21 14:00,,,,,
Sequoia Capital Finally Gets ‘Red-Pilled’ on Crypto Investing,12/17/21 14:30,,,,,
"Tech Stocks Roundup: Apple Brings Back Mask Mandate, Closes Stores Amid Covid-19 Surge",12/20/21 08:30,,,,,
Bruce Springsteen sells music catalog for $500M as streaming boom leads to 'perfect storm' for artists,12/20/21 08:30,,,,,
Cascend's Ross: Tim Cook is a 'Supply Chain Ninja',12/20/21 08:30,,,,,
Apple (AAPL) Stock Moves -0.65%: What You Should Know,12/20/21 08:30,,,,,
5 Bold Predictions for 2022,12/20/21 08:30,,,,,
18 huge developments reshaping Williamson County,12/20/21 08:30,,,,,
Would This Retailer Actually Rise During a Stock Market Crash?,12/20/21 08:30,,,,,
3 Stocks That Could Be Worth More Than Apple by 2035,12/20/21 08:30,,,,,
Why Bruce Springsteen's $500M deal signals a 'perfect storm' brewing in music,12/20/21 08:30,,,,,
3 Top Energy Stocks Ready for a Bull Run,12/20/21 08:30,,,,,
"Exclusive-Apple seeks dismissal of India apps market antitrust case, cites tiny market share",12/20/21 08:30,,,,,
Machine Powerhouse Germany Finally Wants to Embrace the Future,12/20/21 08:30,,,,,
Dozens released after protest at India plant of Apple supplier Foxconn,12/20/21 08:30,,,,,
Why Apple's Bubble Could Pop in 2022,12/20/21 08:30,,,,,
"China Ordered Amazon to Delete Reviews of Xi Jinping’s Book, Reuters Reports",12/20/21 08:30,,,,,
UPDATE 1-Dozens released after protest at India plant of Apple supplier Foxconn,12/20/21 08:30,,,,,
Here's My Top Stock to Buy for 2022 and Beyond,12/20/21 08:30,,,,,
"Epic's Sweeney on battle with Apple, Google: We're protecting future entrepreneurs",12/20/21 08:30,,,,,
"iPhone chargers could be banned in Northern Ireland, but not rest of UK",12/20/21 08:30,,,,,
Dow Jones Futures Tumble In Dangerous Whipsaw Rally As Omicron Fears Swell; Tesla Rival Nio Touts Big Ambitions,12/20/21 08:30,,,,,
Is the Omicron variant already hurting the economy?: Morning Brief,12/20/21 08:30,,,,,
"Market check: Stocks sink on stimulus blow, Omicron concerns",12/20/21 09:15,,,,,
"Market check: Stocks open lower, yield curve steepens, oil under pressure",12/20/21 09:45,,,,,
WWDownload: 5 Wearables That Grabbed Our Attention This Year,12/20/21 10:30,,,,,
Is the Omicron variant already hurting the economy?,12/20/21 12:30,,,,,
Market check: Mega caps decline amid broad market sell-off,12/20/21 12:30,,,,,
Why Nvidia Stock Dropped Again Today,12/20/21 13:30,,,,,
Amazon Slides Below Support Level as Big Tech Weakness Continues,12/21/21 08:30,,,,,
MapmyIndia Shares Soar 54% in First Day of Trading After IPO,12/21/21 08:30,,,,,
Amazon Rival Snapdeal Reveals Sales Bounce Before India IPO,12/21/21 08:30,,,,,
"Nasdaq 19,000, Apple and Microsoft at $3 Trillion and Metaverse Mania",12/21/21 08:30,,,,,
Duke Energy battles with opponents over new rules for multi-year rate plans,12/21/21 08:30,,,,,
Amazon stock is falling,12/21/21 08:30,,,,,
The Biggest Reason Apple Stock Is a Screaming Buy for 2022,12/21/21 08:30,,,,,
1 Great Stock to Own Whether the Stock Market Goes Up or Down,12/21/21 08:30,,,,,
My Highest-Conviction Market Prediction for 2022,12/21/21 08:45,,,,,
Apple's Smart Speaker Business Is Finally Taking Off,12/21/21 09:45,,,,,
"5 Dow Jones Stocks To Buy And Watch In December 2021: Apple, Microsoft Rise",12/21/21 10:15,,,,,
3 Stocks to Buy in a Heartbeat If There's a Stock Market Crash in 2022,12/21/21 10:45,,,,,
SiriusXM (SIRI)-YMH Studios Deal Strengthens Content Portfolio,12/21/21 11:30,,,,,
How Mariah Carey is cashing in on the enduring popularity of ‘All I Want For Christmas Is You’,12/21/21 12:00,,,,,
Apple Inc. -- Moody's upgrades Apple to Aaa; outlook stable,12/21/21 12:30,,,,,
QQQ Stock Trading Risks and Rewards,12/21/21 12:45,,,,,
Apple Gets Top Credit Rating From Moody’s on Growth Prospects,12/21/21 13:00,,,,,
AT&T Sells Xandr Ad Business to Microsoft for $1 Billion,12/21/21 13:00,,,,,
Moody's gives Apple top 'AAA' credit rating on growth promise,12/21/21 13:30,,,,,
"NXP (NXPI) Processors to be Used by Foxconn, Clientele to Grow",12/21/21 13:45,,,,,
Apple Upgraded to Top Bond Rating by Moody’s on Growth Prospects,12/21/21 13:45,,,,,
"Microsoft, Apple Suppliers Exposed in Australia Anti-Slavery Law",12/21/21 14:30,,,,,
Husband-and-Wife Team Worth $586 Million After Map Startup’s IPO,12/22/21 08:30,,,,,
"Microsoft, Apple Reveal Anti-Slavery Measures in Australia Law",12/22/21 08:30,,,,,
"Japan Pressed to Spend Billions, Cut Tax to Revive Chip Industry",12/22/21 08:30,,,,,
5 Electric Vehicle Companies To Watch In 2022,12/22/21 08:30,,,,,
Exclusive: Apple investors call for civil-rights audit,12/22/21 08:30,,,,,
U.S. SEC denies Apple's bid to dismiss shareholder proposal on concealment clauses,12/22/21 08:30,,,,,
U.S. SEC allows Apple shareholder's push for details on non-disclosure,12/22/21 08:30,,,,,
Nasdaq vs. S&P 500 vs. Dow: What's the Difference?,12/22/21 08:30,,,,,
"Amazon, Meta Scrap CES Plans in Las Vegas After Covid Surge",12/22/21 08:30,,,,,
Biggest Companies in the World by Market Cap,12/22/21 08:30,,,,,
UPDATE 1-U.S. SEC allows Apple shareholder's push for details on non-disclosure,12/22/21 08:30,,,,,
3 Things About Amazon That Smart Investors Know,12/22/21 08:30,,,,,
An Under-the-Radar Advantage Could Make This Growth Stock a Winner in 2022,12/22/21 08:30,,,,,
"This CEO Maxed Out Personal Credit Cards to Save His Company. Now, It's Worth $2 Billion",12/22/21 08:30,,,,,
"Why is the Log4j vulnerability is such a big deal, according to a former NSA hacker",12/22/21 08:45,,,,,
"Why the Log4j vulnerability is such a big deal, according to a former NSA hacker",12/22/21 09:00,,,,,
"Tesla, Voya, CarMax and Kellogg Rise Premarket",12/22/21 09:15,,,,,
"Market check: Stocks open mixed, bond volatility settles",12/22/21 09:15,,,,,
"Stock buybacks set record in Q3, led by Apple, Meta, Google",12/22/21 09:30,,,,,
Doug Kass: My 15 Surprises for 2022,12/22/21 10:15,,,,,
Worried Over Big Tech Regulation? Bet on These 3 Smaller Stocks,12/22/21 10:15,,,,,
Citi Bumps Up Apple Price Target By 18%; Remains Bullish,12/22/21 10:30,,,,,
Facebook Papers: How the 2021 leak could haunt Meta in 2022,12/22/21 10:30,,,,,
"Apple iPhone Sales Are Stronger Than Expected, Says Morgan Stanley",12/22/21 11:15,,,,,
10 Value Stocks to Buy According to Billionaire Paul Tudor Jones,12/22/21 11:45,,,,,
5 Reasons Apple Stock Can Trade Higher From Here,12/22/21 13:15,,,,,
Airline Executives Plead With Governments To Ease Restrictions,12/22/21 13:30,,,,,
20 companies are spending billions to boost their stock prices,12/22/21 13:45,,,,,
"After Austin blow, Cooper's office kept engaging with Apple on NC expansion",12/22/21 15:00,,,,,
Morgan Stanley Sees Surprise Upside In Apple's iPhone Production,12/22/21 15:45,,,,,
SEC rejects Apple’s argument that it doesn’t try to silence workers after former employee disputed it,12/23/21 08:30,,,,,
U.S. SEC rejects Apple bid to block shareholder proposal on forced labour -letter,12/23/21 08:30,,,,,
Apple Shuts Eight Stores Since Tuesday Amid Covid Surge,12/23/21 08:30,,,,,
Apple Shuts 8 Shops Amid COVID-19 Resurgence: Report,12/23/21 08:45,,,,,
"5 Dow Jones Stocks To Buy And Watch In December 2021: Apple, Microsoft Rally",12/23/21 10:30,,,,,
Apple (AAPL) Set to Start iPhone 13 Manufacturing in India,12/23/21 12:30,,,,,
"Mariah Carey's 'All I Want For Christmas Is You' sets records, keeps the star in green",12/23/21 12:30,,,,,
Mariah Carey has earned $60 million in streaming royalties from timeless Christmas classic,12/23/21 14:45,,,,,
3 Santa Claus Rally Stocks to Buy,12/23/21 15:00,,,,,
Apple (AAPL) Gains But Lags Market: What You Should Know,12/24/21 08:30,,,,,
Apple shareholders are calling on the company to conduct a civil rights audit,12/24/21 08:30,,,,,
"Multi-Asset Real Return Portfolio Buys Exxon Mobil Corp, Chevron Corp, Newmont Corp, Sells ...",12/24/21 08:30,,,,,
2 Top Tech Stocks to Buy During a Recession,12/24/21 08:30,,,,,
Hedge Funds Were Right About These 10 Stocks in 2021,12/24/21 08:30,,,,,
"What is Web3, the new version of the internet everyone is talking about",12/24/21 08:30,,,,,
"Disciplined Core Value Fund Buys Alphabet Inc, Kimberly-Clark Corp, T. ...",12/24/21 09:15,,,,,
"Warren Buffett says these are the best stocks to own when inflation spikes — with consumer prices at a 39-year high, it's time to follow his lead",12/24/21 09:15,,,,,
"Apple's App Store broke competition laws, Dutch watchdog says",12/24/21 09:30,,,,,
"UPDATE 1-Apple's App Store broke competition laws, Dutch watchdog says",12/24/21 09:30,,,,,
"UPDATE 2-Apple's App Store broke competition laws, Dutch watchdog says",12/24/21 11:00,,,,,
"VP Disciplined Core Value Fund Buys Alphabet Inc, Kimberly-Clark Corp, T. ...",12/24/21 13:15,,,,,
"Mutual Fund & Variable Insurance Trust Buys The Walt Disney Co, Goldman Sachs Group Inc, ...",12/24/21 14:15,,,,,
Why Nike Stock Keeps Proving the Skeptics Wrong,12/27/21 08:30,,,,,
Apple Gets Dutch Antitrust Order to Open Up App Payments,12/27/21 08:30,,,,,
3 Stocks that Beat the Market in 2021 and Could Do It Again in 2022,12/27/21 08:30,,,,,
1 Top Dividend Stock to Buy for 2022 and Beyond,12/27/21 08:30,,,,,
2 Top Tech Stocks Ready for a Bull Run,12/27/21 08:30,,,,,
21 insanely wealthy people who aren't leaving it to the kids,12/27/21 08:30,,,,,
Apple Stock: Bull vs. Bear,12/27/21 09:00,,,,,
Top 5 Active Noise Cancelling Headphones Tested,12/27/21 09:30,,,,,
Give the Gift of Investing With This Classic Stock Bundle,12/27/21 09:45,,,,,
Silicon Valley’s Push Into Cars Is Testing Aptiv's Tech Makeover,12/27/21 11:15,,,,,
"5 Dow Jones Stocks To Buy And Watch In December 2021: Apple, Microsoft Advance",12/27/21 11:30,,,,,
Meta Gains as KeyBanc Sees Strong Holiday Sales for Oculus Headset,12/27/21 11:30,,,,,
Apple's stock rallies toward 24th record close of the year,12/27/21 13:30,,,,,
"5 Dow Jones Stocks To Buy And Watch In December 2021: Apple, Microsoft Jump",12/27/21 13:30,,,,,
Stock market outlook: Sectors to watch going into 2022,12/27/21 14:00,,,,,
Anatomy of a 10-Bagger,12/27/21 14:30,,,,,
